date,Net_M2,Building Age,Number of Bathrooms,Facade_count,dolar,province_Ankara,province_İstanbul,province_İzmir,county_Adalar,county_Akyurt,county_Aliağa,county_Altındağ,county_Arnavutköy,county_Ataşehir,county_Avcılar,county_Ayaş,county_Bahçelievler,county_Bakırköy,county_Bala,county_Balçova,county_Bayraklı,county_Bayrampaşa,county_Bayındır,county_Bağcılar,county_Başakşehir,county_Bergama,county_Beykoz,county_Beylikdüzü,county_Beyoğlu,county_Beypazarı,county_Beşiktaş,county_Bornova,county_Buca,county_Büyükçekmece,county_Dikili,county_Elmadağ,county_Esenler,county_Esenyurt,county_Etimesgut,county_Eyüpsultan,county_Fatih,county_Foça,county_Gaziemir,county_Gaziosmanpaşa,county_Gölbaşı,county_Güngören,county_Güzelbahçe,county_Haymana,county_Kadıköy,county_Kahramankazan,county_Karabağlar,county_Karaburun,county_Kartal,county_Karşıyaka,county_Kağıthane,county_Kemalpaşa,county_Keçiören,county_Kiraz,county_Konak,county_Küçükçekmece,county_Kınık,county_Kızılcahamam,county_Maltepe,county_Mamak,county_Menderes,county_Menemen,county_Nallıhan,county_Narlıdere,county_Pendik,county_Polatlı,county_Pursaklar,county_Sancaktepe,county_Sarıyer,county_Seferihisar,county_Selçuk,county_Silivri,county_Sincan,county_Sultanbeyli,county_Sultangazi,county_Tire,county_Torbalı,county_Tuzla,county_Urla,county_Yenimahalle,county_Zeytinburnu,county_Çankaya,county_Çatalca,county_Çekmeköy,county_Çeşme,county_Çiğli,county_Çubuk,county_Ödemiş,county_Ümraniye,county_Üsküdar,county_Şereflikoçhisar,county_Şile,county_Şişli,neighborhood_100. Yıl,neighborhood_15 Temmuz,neighborhood_16 Eylül,neighborhood_19 Mayıs,neighborhood_2. İnönü,neighborhood_23 Nisan,neighborhood_25 Mart,neighborhood_26 Ağustos,neighborhood_29 Ekim,neighborhood_30 Ağustos,neighborhood_4 Eylül,neighborhood_50. Yıl,neighborhood_75. Yıl,neighborhood_85. Yıl Cumhuriyet,neighborhood_9 Eylül,neighborhood_Abbasağa,neighborhood_Abdi İpekçi,neighborhood_Abdurrahman Nafiz Gürman,neighborhood_Abdurrahmangazi,neighborhood_Abidinpaşa,neighborhood_Acarlar,neighborhood_Acıbadem,neighborhood_Adalet,neighborhood_Adatepe,neighborhood_Adem Yavuz,neighborhood_Adil,neighborhood_Adnan Kahveci,neighborhood_Adnan Menderes,neighborhood_Adnan Süvari,neighborhood_Ahi Evran,neighborhood_Ahi Mesut,neighborhood_Ahlatlıbel,neighborhood_Ahmediye,neighborhood_Ahmet Efendi,neighborhood_Ahmet Taner Kışlalı,neighborhood_Ahmet Yesevi,neighborhood_Ahmetbeyli,neighborhood_Ahmetli,neighborhood_Ahıhıdır,neighborhood_Akalan,neighborhood_Akat,neighborhood_Akdere,neighborhood_Akevler,neighborhood_Akpınar,neighborhood_Aksaray,neighborhood_Aksoy,neighborhood_Aktepe,neighborhood_Akçaburgaz,neighborhood_Akçay,neighborhood_Akın Simav,neighborhood_Akıncılar,neighborhood_Akşemseddin,neighborhood_Akşemsettin,neighborhood_Alacaatlı,neighborhood_Alaybey,neighborhood_Alaçatı,neighborhood_Alcı,neighborhood_Alcı OSB,neighborhood_Alemdağ,neighborhood_Ali Fuat Cebesoy,neighborhood_Ali Kuşçu,neighborhood_Alibey,neighborhood_Alibeyköy,neighborhood_Alipaşa,neighborhood_Alkent 2000,neighborhood_Alpaslan,neighborhood_Alpkent,neighborhood_Alsancak,neighborhood_Altay,neighborhood_Altayçeşme,neighborhood_Altunizade,neighborhood_Altıağaç,neighborhood_Altınevler,neighborhood_Altınova,neighborhood_Altıntaş,neighborhood_Altıntepe,neighborhood_Altıntepsi,neighborhood_Altınyunus,neighborhood_Altınşehir,neighborhood_Ambarlı,neighborhood_Anadolu,neighborhood_Anadolu Hisarı,neighborhood_Anafartalar,neighborhood_Andiçen,neighborhood_Anıttepe,neighborhood_Arap Hasan,neighborhood_Araplar,neighborhood_Ardıç,neighborhood_Ardıçlı,neighborhood_Arka Topraklık,neighborhood_Armağanevler,neighborhood_Armutlu 85. Yıl Cumhuriyet,neighborhood_Armutlu Hürriyet,neighborhood_Arnavutköy,neighborhood_Arnavutköy Merkez,neighborhood_Asmalı Mescit,neighborhood_Ata,neighborhood_Atakent,neighborhood_Ataköy 1. Kısım,neighborhood_Ataköy 2-5-6. Kısım,neighborhood_Ataköy 3-4-11. Kısım,neighborhood_Ataköy 7-8-9-10. Kısım,neighborhood_Atalar,neighborhood_Atapark,neighborhood_Atatürk,neighborhood_Atatürk Plastik OSB,neighborhood_Atayurt,neighborhood_Ataşehir,neighborhood_Atikali,neighborhood_Atilla,neighborhood_Atıfbey,neighborhood_Avcılar,neighborhood_Ayazağa,neighborhood_Aydoğdu,neighborhood_Aydın,neighborhood_Aydınevler,neighborhood_Aydınlar,neighborhood_Aydınlı,neighborhood_Aydınlı Sb,neighborhood_Aydınlıkevler,neighborhood_Aydıntepe,neighborhood_Ayrancı,neighborhood_Ayrancılar,neighborhood_Ayvalı,neighborhood_Ayvansaray,neighborhood_Ayvaşık,neighborhood_Ayyıldız,neighborhood_Aziz Mahmut Hüdayi,neighborhood_Aziziye,neighborhood_Ağva Merkez,neighborhood_Aşağı Dudullu,neighborhood_Aşağı Eğlence,neighborhood_Aşağı Yahyalar,neighborhood_Aşağı Öveçler,neighborhood_Aşağıyurtçu,neighborhood_Aşık Veysel,neighborhood_Aşıkpaşa,neighborhood_Aşıkveysel,neighborhood_Bademlidere,neighborhood_Bademlik,neighborhood_Bahar,neighborhood_Bahariye,neighborhood_Bahriye Üçok,neighborhood_Bahçeköy Kemer,neighborhood_Bahçeköy Merkez,neighborhood_Bahçeköy Yeni,neighborhood_Bahçelerarası,neighborhood_Bahçeleriçi,neighborhood_Bahçelerüstü,neighborhood_Bahçelievler,neighborhood_Bahçeşehir 1. Kısım,neighborhood_Bahçeşehir 2. Kısım,neighborhood_Baklacı,neighborhood_Balaban,neighborhood_Balat,neighborhood_Balatçık,neighborhood_Balgat,neighborhood_Balibey,neighborhood_Balkiraz,neighborhood_Ballıkpınar,neighborhood_Ballıkuyu,neighborhood_Balmumcu,neighborhood_Baltalimanı,neighborhood_Balıkuyumcu,neighborhood_Balıkyolu,neighborhood_Baraj,neighborhood_Barbaros,neighborhood_Barbaros Hayrettin Paşa,neighborhood_Barbaros Hayrettinpaşa,neighborhood_Barış,neighborhood_Barıştepe,neighborhood_Basrı,neighborhood_Basın Sitesi,neighborhood_Basınevleri,neighborhood_Basınköy,neighborhood_Battalgazi,neighborhood_Batı,neighborhood_Batı Sitesi,neighborhood_Bayraklı,neighborhood_Bayraktar,neighborhood_Bağcılar,neighborhood_Bağlar,neighborhood_Bağlarbaşı,neighborhood_Bağlarçeşme,neighborhood_Bağlum Güzelyurt,neighborhood_Bağlıca,neighborhood_Bağyurdu Kemal Atatürk,neighborhood_Başak,neighborhood_Başakşehir,neighborhood_Başağaç,neighborhood_Başpınar,neighborhood_Başıbüyük,neighborhood_Bebek,neighborhood_Bedrettin,neighborhood_Bengiler,neighborhood_Bengisu,neighborhood_Beyazevler,neighborhood_Beyazıt,neighborhood_Beylerbeyi,neighborhood_Beylikdüzü OSB,neighborhood_Beytepe,neighborhood_Beşikkaya,neighborhood_Beştelsiz,neighborhood_Beştepe,neighborhood_Beşyol,neighborhood_Binbaşı Reşatbey,neighborhood_Binbirdirek,neighborhood_Birlik,neighborhood_Bolluca,neighborhood_Bostan,neighborhood_Bostancı,neighborhood_Bostancık,neighborhood_Bostanlı,neighborhood_Boyalık,neighborhood_Bozkurt,neighborhood_Boztepe,neighborhood_Bozyaka,neighborhood_Boğaziçi,neighborhood_Boğazköy İstiklal,neighborhood_Buca Koop.,neighborhood_Bulgurlu,neighborhood_Burgazada,neighborhood_Burhaniye,neighborhood_Burç,neighborhood_Bülbül,neighborhood_Büyük Çavuşlu,neighborhood_Büyükdere,neighborhood_Büyükesat,neighborhood_Büyükşehir,neighborhood_Bıyıklar,neighborhood_Caddebostan,neighborhood_Caferağa,neighborhood_Cami,neighborhood_Camiatik,neighborhood_Camiikebir,neighborhood_Camikebir,neighborhood_Cebeci,neighborhood_Celal Bayar,neighborhood_Celaliye,neighborhood_Cemil Meriç,neighborhood_Cengiz Topel,neighborhood_Cengizhan,neighborhood_Cennet,neighborhood_Cennetoğlu,neighborhood_Cerrahpaşa,neighborhood_Cevatpaşa,neighborhood_Cevizli,neighborhood_Cevizlidere,neighborhood_Cevizlik,neighborhood_Cibali,neighborhood_Cihangir,neighborhood_Cihannüma,neighborhood_Cumhuriyet,neighborhood_Cüneytbey,neighborhood_Dalyan,neighborhood_Darüşşafaka,neighborhood_Davutpaşa,neighborhood_Dedebaşı,neighborhood_Defterdar,neighborhood_Deliklikaya,neighborhood_Demetevler,neighborhood_Demetgül,neighborhood_Demetlale,neighborhood_Demirci,neighborhood_Demirciköy,neighborhood_Demircilik,neighborhood_Demirkapı,neighborhood_Demirköprü,neighborhood_Demirlibahçe,neighborhood_Denizköşkler,neighborhood_Denizli,neighborhood_Derbent,neighborhood_Dereağzı,neighborhood_Derviş Ali,neighborhood_Devlet,neighborhood_Devrim,neighborhood_Değirmendere,neighborhood_Dicle,neighborhood_Dikilitaş,neighborhood_Diriliş,neighborhood_Dizdariye,neighborhood_Dodurga,neighborhood_Dokuz Eylül,neighborhood_Donanmacı,neighborhood_Doğanay,neighborhood_Doğanlar,neighborhood_Doğantepe,neighborhood_Doğançay,neighborhood_Doğu,neighborhood_Doğuş,neighborhood_Duatepe,neighborhood_Dudullu OSB,neighborhood_Dumlupınar,neighborhood_Durali Alıç,neighborhood_Dutluk,neighborhood_Düğmeciler,neighborhood_Efeler,neighborhood_Ege,neighborhood_Egekent,neighborhood_Egemenlik,neighborhood_Ehlibeyt,neighborhood_Ekin,neighborhood_Ekinoba,neighborhood_Ekşioğlu,neighborhood_Elmalıkent,neighborhood_Elvan,neighborhood_Emek,neighborhood_Emin Sinan,neighborhood_Emirgan,neighborhood_Emniyet,neighborhood_Emniyet Evleri,neighborhood_Emniyettepe,neighborhood_Emrah,neighborhood_Emrez,neighborhood_Erenköy,neighborhood_Ergazi,neighborhood_Ergene,neighborhood_Ergenekon,neighborhood_Erler,neighborhood_Ertuğrul,neighborhood_Ertuğrul Gazi,neighborhood_Ertuğrulgazi,neighborhood_Eryaman,neighborhood_Erzene,neighborhood_Erzurum,neighborhood_Esatoğlu,neighborhood_Esatpaşa,neighborhood_Esenboğa Merkez,neighborhood_Esenevler,neighborhood_Esenkent,neighborhood_Esenler,neighborhood_Esenlik,neighborhood_Esentepe,neighborhood_Esenyalı,neighborhood_Esenşehir,neighborhood_Esertepe,neighborhood_Eski Habipler,neighborhood_Eskişehir,neighborhood_Eti,neighborhood_Etiler,neighborhood_Etlik,neighborhood_Evka - 2,neighborhood_Evka - 6,neighborhood_Evka 3,neighborhood_Evka 4,neighborhood_Evka-5,neighborhood_Evliya Çelebi,neighborhood_Eymir,neighborhood_Eyüp Sultan,neighborhood_Eğitim,neighborhood_Fahrettin Altay,neighborhood_Fahri Korutürk,neighborhood_Fakülteler,neighborhood_Fatih,neighborhood_Fatih Sultan,neighborhood_Fatih Sultan Mehmet,neighborhood_Fenerbahçe,neighborhood_Feneryolu,neighborhood_Ferah,neighborhood_Ferahevler,neighborhood_Ferhatpaşa,neighborhood_Feridun Çelik,neighborhood_Feriköy,neighborhood_Fetih,neighborhood_Fetihtepe,neighborhood_Fevzi Paşa,neighborhood_Fevzi Çakmak,neighborhood_Fevzipaşa,neighborhood_Feyzullah,neighborhood_Fidanlık,neighborhood_Fikirtepe,neighborhood_Fikri Altay,neighborhood_Finanskent,neighborhood_Firuzağa,neighborhood_Firuzköy,neighborhood_Fuat Edip Baksı,neighborhood_Fulya,neighborhood_Fındıklı,neighborhood_Fırat,neighborhood_Gayret,neighborhood_Gayrettepe,neighborhood_Gazi,neighborhood_Gazi Mustafa Kemal,neighborhood_Gazi Osman Paşa,neighborhood_Gazi Osmanpaşa,neighborhood_Gazikent,neighborhood_Gaziler,neighborhood_Gaziosmanpaşa,neighborhood_Gazipaşa,neighborhood_Gedikli,neighborhood_General Asım Gündüz,neighborhood_General Kazım Özalp,neighborhood_General Zeki Doğan,neighborhood_Gençosman,neighborhood_Germiyan,neighborhood_Girne,neighborhood_Goncalar,neighborhood_Gökalp,neighborhood_Gökevler,neighborhood_Gökkuşağı,neighborhood_Göksu,neighborhood_Göktürk,neighborhood_Göktürk Merkez,neighborhood_Gökçek,neighborhood_Gölcük,neighborhood_Gölcükler,neighborhood_Görece Cumhuriyet,neighborhood_Göztepe,neighborhood_Gülbahar,neighborhood_Gülbahçe,neighborhood_Güllü Bağlar,neighborhood_Gülsuyu,neighborhood_Gültepe,neighborhood_Gülveren,neighborhood_Gülyaka,neighborhood_Gümüldür Atatürk,neighborhood_Gümüldür Cumhuriyet,neighborhood_Gümüldür Fevzi Çakmak,neighborhood_Gümüldür İnönü,neighborhood_Gümüşpala,neighborhood_Gümüşpınar,neighborhood_Gümüşsuyu,neighborhood_Gümüşyaka,neighborhood_Günaltay,neighborhood_Güneşevler,neighborhood_Güneşli,neighborhood_Güneştepe,neighborhood_Güngör,neighborhood_Güngören,neighborhood_Gürpınar,neighborhood_Gürsel,neighborhood_Güven,neighborhood_Güvendik,neighborhood_Güvenevler,neighborhood_Güventepe,neighborhood_Güvercintepe,neighborhood_Güzelce,neighborhood_Güzelkent,neighborhood_Güzeltepe,neighborhood_Güzelyaka,neighborhood_Güzelyalı,neighborhood_Güzelyurt,neighborhood_Güçlükaya,neighborhood_Habibler,neighborhood_Hacettepe,neighborhood_Hacı Bayram,neighborhood_Hacı Kadın,neighborhood_Hacı İsa,neighborhood_Hacıahmet,neighborhood_Hacıkara,neighborhood_Hacılar,neighborhood_Hacımimi,neighborhood_Hacımuratlı,neighborhood_Hacıveli,neighborhood_Hadımköy,neighborhood_Halaskargazi,neighborhood_Halide Edip Adıvar,neighborhood_Halil Rıfat Paşa,neighborhood_Halkalı Merkez,neighborhood_Halıcıoğlu,neighborhood_Hamidiye,neighborhood_Haraççı,neighborhood_Harbiye,neighborhood_Harman,neighborhood_Harmandalı Gazi Mustafa Kemal Atatürk,neighborhood_Harmandere,neighborhood_Harmantepe,neighborhood_Hasanoğlan Bahçelievler,neighborhood_Hasanpaşa,neighborhood_Haseki Sultan,neighborhood_Hasköy,neighborhood_Hastane,neighborhood_Hatay,neighborhood_Havaalanı,neighborhood_Haznedar,neighborhood_Heybeliada,neighborhood_Hicret,neighborhood_Hilal,neighborhood_Hisar,neighborhood_Hoca Paşa,neighborhood_Huzur,neighborhood_Hürel,neighborhood_Hürriyet,neighborhood_Hüseyinağa,neighborhood_Hüseyingazi,neighborhood_Hıdırlık,neighborhood_Hırka-i Şerif,neighborhood_Ihlamurkuyu,neighborhood_Ilıca,neighborhood_Irmak,neighborhood_Işıklar,neighborhood_Işınlar,neighborhood_Kadımehmet Efendi,neighborhood_Kafkas,neighborhood_Kahramandere,neighborhood_Kahramanlar,neighborhood_Kalaba,neighborhood_Kalabak,neighborhood_Kale,neighborhood_Kaleiçi,neighborhood_Kaletepe,neighborhood_Kalyoncu Kulluğu,neighborhood_Kamer Hatun,neighborhood_Kamil Ocak,neighborhood_Kamiloba,neighborhood_Kanarya,neighborhood_Kandilli,neighborhood_Kanlıca,neighborhood_Kanuni,neighborhood_Kaptan Paşa,neighborhood_Kaptanpaşa,neighborhood_Karaali Yazlık,neighborhood_Karaağaç,neighborhood_Karabağlar,neighborhood_Karacakaya,neighborhood_Karacaoğlan,neighborhood_Karacaören,neighborhood_Karadeniz,neighborhood_Karadolap,neighborhood_Karagümrük,neighborhood_Karakaya,neighborhood_Karanfil,neighborhood_Karapürçek,neighborhood_Karapınar,neighborhood_Karargahtepe,neighborhood_Karaveliler,neighborhood_Karayolları,neighborhood_Kardelen,neighborhood_Karlıbayır,neighborhood_Karlıktepe,neighborhood_Karlıtepe,neighborhood_Kartaltepe,neighborhood_Karşıyaka,neighborhood_Kasımpaşa,neighborhood_Katip Kasım,neighborhood_Katip Mustafa Çelebi,neighborhood_Kavacık,neighborhood_Kavacık Subayevleri,neighborhood_Kavaklı,neighborhood_Kavaklıdere,neighborhood_Kavakpınar,neighborhood_Kayabaşı,neighborhood_Kayalar,neighborhood_Kayaş,neighborhood_Kaynaklar Merkez,neighborhood_Kaynarca,neighborhood_Kayı,neighborhood_Kayışdağı,neighborhood_Kazlıçeşme,neighborhood_Kazım Dirik,neighborhood_Kazım Karabekir,neighborhood_Kazım Karabekir Paşa,neighborhood_Kazım Orbay,neighborhood_Kazım Özalp,neighborhood_Kazımdirik,neighborhood_Kazımpaşa,neighborhood_Keklik Pınarı,neighborhood_Kemal Atatürk,neighborhood_Kemal Reis,neighborhood_Kemal Türkler,neighborhood_Kemalpaşa,neighborhood_Kemer,neighborhood_Kentkoop,neighborhood_Kestelli,neighborhood_Ketenci,neighborhood_Keçeci Piri,neighborhood_Kibar,neighborhood_Kirazlı,neighborhood_Kirazlıdere,neighborhood_Kirazlıtepe,neighborhood_Kireçburnu,neighborhood_Koca Mustafapaşa,neighborhood_Kocakapı,neighborhood_Kocasinan Merkez,neighborhood_Kocatepe,neighborhood_Konak,neighborhood_Konaklar,neighborhood_Konutkent,neighborhood_Kordonboyu,neighborhood_Korkutreis,neighborhood_Koru,neighborhood_Korutürk,neighborhood_Koza,neighborhood_Kozağaç,neighborhood_Kozbeyli,neighborhood_Kozyatağı,neighborhood_Koşukavak,neighborhood_Koşuyolu,neighborhood_Kulaksız,neighborhood_Kuleli,neighborhood_Kuloğlu,neighborhood_Kumbaba,neighborhood_Kumburgaz,neighborhood_Kumköy,neighborhood_Kumpınar,neighborhood_Kurtköy,neighborhood_Kurtuluş,neighborhood_Kuruçeşme,neighborhood_Kusunlar,neighborhood_Kutlu,neighborhood_Kuvvetli,neighborhood_Kuzey Yıldızı,neighborhood_Kuzguncuk,neighborhood_Kuşcağız,neighborhood_Kuştepe,neighborhood_Körfez,neighborhood_Köstence,neighborhood_Köşk,neighborhood_Kültür,neighborhood_Küplüce,neighborhood_Küçük Ayasofya,neighborhood_Küçük Kayaş,neighborhood_Küçük Piyale,neighborhood_Küçük Çamlıca,neighborhood_Küçük Çiğli,neighborhood_Küçükbakkalköy,neighborhood_Küçükesat,neighborhood_Küçüksu,neighborhood_Küçükyalı,neighborhood_Kıbrısköy,neighborhood_Kılıç Reis,neighborhood_Kılıçali Paşa,neighborhood_Kınalıada,neighborhood_Kırkkonaklar,neighborhood_Kısıklı,neighborhood_Kızılay,neighborhood_Kızılca,neighborhood_Kızılcaşar,neighborhood_Kızılırmak,neighborhood_Lalahan,neighborhood_Laleli,neighborhood_Latife Hanım,neighborhood_Levazım,neighborhood_Levent,neighborhood_Limanreis,neighborhood_Limontepe,neighborhood_M. Fevzi Çakmak,neighborhood_Macun,neighborhood_Maden,neighborhood_Madenler,neighborhood_Mahmut Şevket Paşa,neighborhood_Mahmutbey,neighborhood_Malazgirt,neighborhood_Maliyeciler,neighborhood_Malkoçoğlu,neighborhood_Maltepe,neighborhood_Malıköy,neighborhood_Manavkuyu,neighborhood_Mansuroğlu,neighborhood_Mareşal Fevzi Çakmak,neighborhood_Mareşal Çakmak,neighborhood_Marmara,neighborhood_Maslak,neighborhood_Mavigöl,neighborhood_Mavişehir,neighborhood_Mebusevleri,neighborhood_Mecidiye,neighborhood_Mecidiyeköy,neighborhood_Meclis,neighborhood_Mehmet Akif,neighborhood_Mehmet Akif Ersoy,neighborhood_Mehmet Ali Akman,neighborhood_Mehmet Nesih Özmen,neighborhood_Mehtap,neighborhood_Mehterçeşme,neighborhood_Memlik,neighborhood_Menderes,neighborhood_Merdivenköy,neighborhood_Meriç,neighborhood_Merkez,neighborhood_Merkezefendi,neighborhood_Mermerli,neighborhood_Mersin Alanı,neighborhood_Mersinli,neighborhood_Merve,neighborhood_Metin Akkuş,neighborhood_Metin Oktay,neighborhood_Mevlana,neighborhood_Mevlanakapı,neighborhood_Meşrutiyet,neighborhood_Mimar Hayrettin,neighborhood_Mimar Kemalettin,neighborhood_Mimar Sinan,neighborhood_Mimar Sinan Merkez,neighborhood_Mimaroba,neighborhood_Misket,neighborhood_Mithatpaşa,neighborhood_Molla Gürani,neighborhood_Molla Hüsrev,neighborhood_Mordoğan,neighborhood_Muammer Akar,neighborhood_Muhittin Erener,neighborhood_Muhsin Ertuğrul,neighborhood_Muhsine Hatun,neighborhood_Muradiye,neighborhood_Murat,neighborhood_Murat Reis,neighborhood_Murat Çeşme,neighborhood_Muratbey,neighborhood_Muratpaşa,neighborhood_Musalla,neighborhood_Mustafa Kemal,neighborhood_Mustafa Kemal Atatürk,neighborhood_Mustafa Kemal Paşa,neighborhood_Mutlu,neighborhood_Mutlukent,neighborhood_Müeyyetzade,neighborhood_Mürsel Uluç,neighborhood_Naci Çakır,neighborhood_Naipli,neighborhood_Namık Kemal,neighborhood_Narlı,neighborhood_Nasuh Akar,neighborhood_Nasuhpaşa,neighborhood_Necip Fazıl,neighborhood_Necip Fazıl Kısakürek,neighborhood_Nenehatun,neighborhood_Nergiz,neighborhood_Nine Hatun,neighborhood_Nisbetiye,neighborhood_Nizam,neighborhood_Nişanca,neighborhood_Nişancı,neighborhood_Nişantepe,neighborhood_Nuripaşa,neighborhood_Nurtepe,neighborhood_Onur,neighborhood_Oran,neighborhood_Org. Nafiz Gürman,neighborhood_Orhan Gazi,neighborhood_Orhangazi,neighborhood_Orhantepe,neighborhood_Orta,neighborhood_Ortabayır,neighborhood_Ortaköy,neighborhood_Ortaçeşme,neighborhood_Oruçreis,neighborhood_Osman Aksüner,neighborhood_Osman Temiz,neighborhood_Osmanağa,neighborhood_Osmangazi,neighborhood_Osmaniye,neighborhood_Osmanlı,neighborhood_Ostim,neighborhood_Ostim OSB,neighborhood_Ovacık,neighborhood_Ovakent,neighborhood_Oğlananası Atatürk,neighborhood_Oğuzlar,neighborhood_Pamuklar,neighborhood_Pancar,neighborhood_Parseller,neighborhood_Payamlı,neighborhood_Pazariçi,neighborhood_Paşa,neighborhood_Paşabahçe,neighborhood_Peker,neighborhood_Petroliş,neighborhood_Peyami Safa,neighborhood_Piri Mehmet Paşa,neighborhood_Piri Paşa,neighborhood_Piri Reis,neighborhood_Piyade,neighborhood_Piyalepaşa,neighborhood_Plevne,neighborhood_Poligon,neighborhood_Postacılar,neighborhood_Postane,neighborhood_Poyracık,neighborhood_Prof. Dr. Ahmet Taner Kışlalı,neighborhood_Ptt Evleri,neighborhood_Pürtelaş Hasan Efendi,neighborhood_Pınar,neighborhood_Pınarbaşı,neighborhood_Pınartepe,neighborhood_R. Şevket İnce,neighborhood_Rafet Paşa,neighborhood_Ragıp Tüzün,neighborhood_Ramazanoğlu,neighborhood_Rami Cuma,neighborhood_Rami Yeni,neighborhood_Rasimpaşa,neighborhood_Refet Bele,neighborhood_Reis,neighborhood_Reisdere,neighborhood_Remzi Oğuz Arık,neighborhood_Reşitpaşa,neighborhood_Riva,neighborhood_Rumeli Hisarı,neighborhood_Rüstem,neighborhood_Rüzgarlıbahçe,neighborhood_Saadetdere,neighborhood_Sadıkpaşa,neighborhood_Safa,neighborhood_Sahil,neighborhood_Sahilevleri,neighborhood_Sahrayı Cedit,neighborhood_Saimekadın,neighborhood_Sakarya,neighborhood_Sakızağacı,neighborhood_Salacak,neighborhood_Salih Omurtak,neighborhood_Salimbey,neighborhood_Sanayi,neighborhood_Sancak,neighborhood_Sancaktepe,neighborhood_Sapan Bağları,neighborhood_Saracalar,neighborhood_Saray,neighborhood_Saray Cumhuriyet,neighborhood_Saray Fatih,neighborhood_Saray Osmangazi,neighborhood_Saraycık,neighborhood_Saraç İshak,neighborhood_Sarıgazi,neighborhood_Sarıgöl,neighborhood_Sarıyer,neighborhood_Sarıyer Merkez,neighborhood_Sasallı Merkez,neighborhood_Satıkadın,neighborhood_Sağlık,neighborhood_Sekiz Eylül,neighborhood_Selahaddin Eyyubi,neighborhood_Selami Ali,neighborhood_Selimiye,neighborhood_Selimpaşa,neighborhood_Selvili,neighborhood_Selçuk,neighborhood_Selçuklu,neighborhood_Semizkumlar,neighborhood_Serhat,neighborhood_Serintepe,neighborhood_Sevgi,neighborhood_Seydinnasrullah,neighborhood_Seyhan,neighborhood_Seyitnizam,neighborhood_Seyranbağları,neighborhood_Seyrantepe,neighborhood_Seyyid Ömer,neighborhood_Seğmenler,neighborhood_Silahtarağa,neighborhood_Silivrikapı,neighborhood_Sinanoba,neighborhood_Sinanpaşa,neighborhood_Site,neighborhood_Siteler,neighborhood_Siyavuşpaşa,neighborhood_Sokullu Mehmet Paşa,neighborhood_Solfasol,neighborhood_Soğanlı,neighborhood_Soğanlık Yeni,neighborhood_Soğukkuyu,neighborhood_Soğukpınar,neighborhood_Soğuksu,neighborhood_Suadiye,neighborhood_Sultan Murat,neighborhood_Sultan Selim,neighborhood_Sultaniye,neighborhood_Sultantepe,neighborhood_Sultançiftliği,neighborhood_Sururi Mehmet Efendi,neighborhood_Susuz,neighborhood_Söğütlü Çeşme,neighborhood_Söğütözü,neighborhood_Süleyman Demirel,neighborhood_Süleymaniye,neighborhood_Sülüntepe,neighborhood_Sümbül Efendi,neighborhood_Sümer,neighborhood_Sütlüce,neighborhood_Süvari,neighborhood_Sıra,neighborhood_Sığacık,neighborhood_Tahsin Yazıcı,neighborhood_Tahtakale,neighborhood_Talatpaşa,neighborhood_Tandoğan,neighborhood_Tantavi,neighborhood_Tarabya,neighborhood_Tatlısu,neighborhood_Taşdelen,neighborhood_Taşoluk,neighborhood_Taşpınar,neighborhood_Tekke,neighborhood_Teleferik,neighborhood_Telsiz,neighborhood_Telsizler,neighborhood_Tepealtı,neighborhood_Tepebaşı,neighborhood_Tepecik,neighborhood_Tepekule,neighborhood_Tepeköy,neighborhood_Tepeören,neighborhood_Tepeüstü,neighborhood_Terazidere,neighborhood_Tersane,neighborhood_Tevfik Bey,neighborhood_Tevfik İleri,neighborhood_Teşvikiye,neighborhood_Tokatköy,neighborhood_Toki,neighborhood_Tomtom,neighborhood_Topkapı,neighborhood_Topraklık,neighborhood_Topselvi,neighborhood_Topçu,neighborhood_Topçular,neighborhood_Torbalı,neighborhood_Tozkoparan,neighborhood_Tulumtaş,neighborhood_Tuna,neighborhood_Tunahan,neighborhood_Turabey,neighborhood_Turabiye,neighborhood_Turan,neighborhood_Turgut Reis,neighborhood_Turgut Özal,neighborhood_Turkuaz,neighborhood_Tuzluçayır,neighborhood_Törekent,neighborhood_Tülbentli,neighborhood_Türkali,neighborhood_Türkmen,neighborhood_Türkoba,neighborhood_Türkyılmaz,neighborhood_Türközü,neighborhood_Tınaztepe,neighborhood_Ufuk,neighborhood_Ufuktepe,neighborhood_Ulubatlı,neighborhood_Ulubatlı Hasan,neighborhood_Ulubey,neighborhood_Ulucak Cumhuriyet,neighborhood_Ulucak Mustafa Kemal Atatürk,neighborhood_Ulucak İstiklal,neighborhood_Ulus,neighborhood_Umurbey,neighborhood_Umut,neighborhood_Uskumruköy,neighborhood_Uyanış,neighborhood_Uzundere,neighborhood_Uçarı,neighborhood_Uğur Mumcu,neighborhood_Vali Rahmi Bey,neighborhood_Valide-i Atik,neighborhood_Varlık,neighborhood_Vatan,neighborhood_Velibaba,neighborhood_Veliefendi,neighborhood_Veysel Karani,neighborhood_Villakent,neighborhood_Vişnezade,neighborhood_Yahya Kahya,neighborhood_Yahya Kemal,neighborhood_Yahşelli,neighborhood_Yaka,neighborhood_Yakacık,neighborhood_Yakacık Yeni,neighborhood_Yakacık Çarşı,neighborhood_Yakakent,neighborhood_Yakuplu,neighborhood_Yalı,neighborhood_Yalıköy,neighborhood_Yamanevler,neighborhood_Yamanlar,neighborhood_Yapracık,neighborhood_Yavuz Selim,neighborhood_Yavuz Sultan Selim,neighborhood_Yavuzselim,neighborhood_Yavuztürk,neighborhood_Yayalar,neighborhood_Yayla,neighborhood_Yaylacık,neighborhood_Yazıbaşı,neighborhood_Yaşamkent,neighborhood_Yaşar Kemal,neighborhood_Yedi Eylül,neighborhood_Yedikule,neighborhood_Yelaltı,neighborhood_Yelki,neighborhood_Yemişlik,neighborhood_Yeni,neighborhood_Yeni Batı,neighborhood_Yeni Bayındır,neighborhood_Yeni Bağlıca,neighborhood_Yeni Mahalle,neighborhood_Yeni Sahra,neighborhood_Yenibağarası,neighborhood_Yenibosna Merkez,neighborhood_Yenice,neighborhood_Yenidoğan,neighborhood_Yenigün,neighborhood_Yenikale,neighborhood_Yenikayı,neighborhood_Yenikent,neighborhood_Yeniköy,neighborhood_Yenimahalle,neighborhood_Yenipınar,neighborhood_Yeniçağ,neighborhood_Yeniçimşit,neighborhood_Yenişakran,neighborhood_Yenişehir,neighborhood_Yeşil,neighborhood_Yeşil Pınar,neighborhood_Yeşilbayır,neighborhood_Yeşilbağlar,neighborhood_Yeşilce,neighborhood_Yeşilevler,neighborhood_Yeşilkent,neighborhood_Yeşilköy,neighborhood_Yeşilköy Sb,neighborhood_Yeşilova,neighborhood_Yeşilpınar,neighborhood_Yeşiltepe,neighborhood_Yeşilyurt,neighborhood_Yeşilöz,neighborhood_Yiğitler,neighborhood_Yukarı,neighborhood_Yukarı Bahçelievler,neighborhood_Yukarı Dikmen,neighborhood_Yukarı Dudullu,neighborhood_Yukarı Yahyalar,neighborhood_Yukarı Öveçler,neighborhood_Yukarı İmrohor,neighborhood_Yukarıyurtçu,neighborhood_Yunus,neighborhood_Yunus Emre,neighborhood_Yurdoğlu,neighborhood_Yuvaköy,neighborhood_Yücetepe,neighborhood_Yükseltepe,neighborhood_Yıldırım,neighborhood_Yıldırım Beyazıt,neighborhood_Yıldırımbeyazıt,neighborhood_Yıldız,neighborhood_Yıldızevler,neighborhood_Yıldızlı,neighborhood_Yıldıztabya,neighborhood_Yıldıztepe,neighborhood_Zafer,neighborhood_Zafertepe,neighborhood_Zekeriyaköy,neighborhood_Zeynep Kamil,neighborhood_Zeyrek,neighborhood_Zeytinalanı,neighborhood_Zeytinlik,neighborhood_Zirvekent,neighborhood_Ziya Gökalp,neighborhood_Zuhuratbaba,neighborhood_Zübeyde Hanım,neighborhood_Zühtüpaşa,neighborhood_Zümrütevler,neighborhood_Çahabey,neighborhood_Çakmak,neighborhood_Çakmaklı,neighborhood_Çaldıran,neighborhood_Çalıkuşu,neighborhood_Çamlıbahçe,neighborhood_Çamlıca,neighborhood_Çamlık,neighborhood_Çamlıkule,neighborhood_Çamlıpınar,neighborhood_Çamlıtepe,neighborhood_Çamlıçay,neighborhood_Çamtepe,neighborhood_Çamçeşme,neighborhood_Çandarlı,neighborhood_Çankaya,neighborhood_Çarşı,neighborhood_Çatalkaya,neighborhood_Çatalmeşe,neighborhood_Çatma Mescit,neighborhood_Çavuş,neighborhood_Çavuşoğlu,neighborhood_Çay,neighborhood_Çayyolu,neighborhood_Çayırbaşı,neighborhood_Çağdaş,neighborhood_Çağlayan,neighborhood_Çeliktepe,neighborhood_Çengeldere,neighborhood_Çengelköy,neighborhood_Çetin Emeç,neighborhood_Çiftlik,neighborhood_Çimentepe,neighborhood_Çiçek,neighborhood_Çiçekli,neighborhood_Çiğdem,neighborhood_Çiğdemtepe,neighborhood_Çobançeşme,neighborhood_Çolak İbrahim Bey,neighborhood_Çoğlu,neighborhood_Çubuklu,neighborhood_Çukur,neighborhood_Çukuraltı,neighborhood_Çukurambar,neighborhood_Çınar,neighborhood_Çınardere,neighborhood_Çırpıcı,neighborhood_Çırçır,neighborhood_Ömer Avni,neighborhood_Ömerli,neighborhood_Ön Cebeci,neighborhood_Önder,neighborhood_Ören 75.yıl Cumhuriyet,neighborhood_Örencik,neighborhood_Örnek,neighborhood_Örnekköy,neighborhood_Örnektepe,neighborhood_Öveçler,neighborhood_Özbey,neighborhood_Özdere Cumhuriyet,neighborhood_Özevler,neighborhood_Ümit,neighborhood_Ünalan,neighborhood_Üniversite,neighborhood_Üniversiteler,neighborhood_Üreğil,neighborhood_Üç Eylül,neighborhood_Üçevler,neighborhood_Üçkuyular,neighborhood_Üçpınar,neighborhood_İbni Melek,neighborhood_İcadiye,neighborhood_İdealtepe,neighborhood_İhsaniye,neighborhood_İkitelli OSB,neighborhood_İleri,neighborhood_İlkadım,neighborhood_İlkbahar,neighborhood_İlker,neighborhood_İlkyerleşim,neighborhood_İlyakut,neighborhood_İmbatlı,neighborhood_İncek,neighborhood_İncesu,neighborhood_İncirköy,neighborhood_İncirli,neighborhood_İncirli Pınar,neighborhood_İncirtepe,neighborhood_İnkılap,neighborhood_İnönü,neighborhood_İpekçiler,neighborhood_İsa Bey,neighborhood_İskele,neighborhood_İskenderpaşa,neighborhood_İslambey,neighborhood_İslamsaray,neighborhood_İsmet Paşa,neighborhood_İsmet İnönü,neighborhood_İsmetpaşa,neighborhood_İstasyon,neighborhood_İstiklal,neighborhood_İstinye,neighborhood_İvedik OSB,neighborhood_İvedikköy,neighborhood_İzkent,neighborhood_İzzet Paşa,neighborhood_İçerenköy,neighborhood_İçmeler,neighborhood_İğciler,neighborhood_İşçi Blokları,neighborhood_Şafak,neighborhood_Şafaktepe,neighborhood_Şahap Gürler,neighborhood_Şahintepe,neighborhood_Şahkulu,neighborhood_Şefkat,neighborhood_Şehit Cengiz Karaca,neighborhood_Şehit Cengiz Topel,neighborhood_Şehit Cevdet Özdemir,neighborhood_Şehit Kubilay,neighborhood_Şehit Muhtar,neighborhood_Şehit Osman Avcı,neighborhood_Şehitler,neighborhood_Şehitlik,neighborhood_Şehremini,neighborhood_Şehsuvar Bey,neighborhood_Şeker,neighborhood_Şemikler,neighborhood_Şemsipaşa,neighborhood_Şenlik,neighborhood_Şenlikköy,neighborhood_Şentepe,neighborhood_Şenyuva,neighborhood_Şerifali,neighborhood_Şeyh Şamil,neighborhood_Şeyhli,neighborhood_Şifa,neighborhood_Şirinevler,neighborhood_Şirinkapı,neighborhood_Şirinkent,neighborhood_Şirintepe,Room + Hall Number_1 + 0,Room + Hall Number_1 + 1,Room + Hall Number_2 + 0,Room + Hall Number_2 + 1,Room + Hall Number_2 + 2,Room + Hall Number_3 + 0,Room + Hall Number_3 + 1,Room + Hall Number_3 + 2,Room + Hall Number_4 + 0,Room + Hall Number_4 + 1,Room + Hall Number_4 + 2,Room + Hall Number_5 + 1,Room + Hall Number_5 + 2,Room + Hall Number_6 + 1,Room + Hall Number_6 + 2,Floor_1,Floor_11-15,Floor_16-20,Floor_2,Floor_21 and over,Floor_3,Floor_4,Floor_5,Floor_6-10,Floor_Bodrum (Basement),Floor_Yarı Bodrum (Semibasement),Floor_Zemin (Ground),Floor_Çatı Katı (Loft),Number of Floors_1,Number of Floors_11-15,Number of Floors_16-20,Number of Floors_2,Number of Floors_21 and over,Number of Floors_3,Number of Floors_4,Number of Floors_5,Number of Floors_6-10,Heating Type_Diğer (Other),Heating Type_Kat Kaloriferi (Floor Heater),Heating Type_Klima (Air conditioning),Heating Type_Kombi (Combi boiler),Heating Type_Merkezi (Central),Heating Type_Soba (Stone),On Site_No,On Site_Yes
2021-01-01,84,0,1,4,7.35,0,0,1,0,0,0,0,0,0,0,0,0,0,0,0,0,0,0,0,0,0,0,0,0,0,0,0,0,0,0,0,0,0,0,0,0,0,0,0,0,0,0,0,0,0,0,0,0,0,0,0,0,0,1,0,0,0,0,0,0,0,0,0,0,0,0,0,0,0,0,0,0,0,0,0,0,0,0,0,0,0,0,0,0,0,0,0,0,0,0,0,0,0,0,0,0,0,0,0,0,0,0,0,0,0,0,0,0,0,0,0,0,0,0,0,0,0,0,0,0,0,0,0,0,0,0,0,0,0,0,0,0,0,0,0,0,0,0,0,0,0,0,0,0,0,0,0,0,0,0,0,0,0,0,0,0,0,0,0,0,0,0,0,0,0,0,0,0,0,0,0,0,0,0,0,0,0,0,0,0,0,0,0,0,0,0,0,0,0,0,0,0,0,0,0,0,0,0,0,0,0,1,0,0,0,0,0,0,0,0,0,0,0,0,0,0,0,0,0,0,0,0,0,0,0,0,0,0,0,0,0,0,0,0,0,0,0,0,0,0,0,0,0,0,0,0,0,0,0,0,0,0,0,0,0,0,0,0,0,0,0,0,0,0,0,0,0,0,0,0,0,0,0,0,0,0,0,0,0,0,0,0,0,0,0,0,0,0,0,0,0,0,0,0,0,0,0,0,0,0,0,0,0,0,0,0,0,0,0,0,0,0,0,0,0,0,0,0,0,0,0,0,0,0,0,0,0,0,0,0,0,0,0,0,0,0,0,0,0,0,0,0,0,0,0,0,0,0,0,0,0,0,0,0,0,0,0,0,0,0,0,0,0,0,0,0,0,0,0,0,0,0,0,0,0,0,0,0,0,0,0,0,0,0,0,0,0,0,0,0,0,0,0,0,0,0,0,0,0,0,0,0,0,0,0,0,0,0,0,0,0,0,0,0,0,0,0,0,0,0,0,0,0,0,0,0,0,0,0,0,0,0,0,0,0,0,0,0,0,0,0,0,0,0,0,0,0,0,0,0,0,0,0,0,0,0,0,0,0,0,0,0,0,0,0,0,0,0,0,0,0,0,0,0,0,0,0,0,0,0,0,0,0,0,0,0,0,0,0,0,0,0,0,0,0,0,0,0,0,0,0,0,0,0,0,0,0,0,0,0,0,0,0,0,0,0,0,0,0,0,0,0,0,0,0,0,0,0,0,0,0,0,0,0,0,0,0,0,0,0,0,0,0,0,0,0,0,0,0,0,0,0,0,0,0,0,0,0,0,0,0,0,0,0,0,0,0,0,0,0,0,0,0,0,0,0,0,0,0,0,0,0,0,0,0,0,0,0,0,0,0,0,0,0,0,0,0,0,0,0,0,0,0,0,0,0,0,0,0,0,0,0,0,0,0,0,0,0,0,0,0,0,0,0,0,0,0,0,0,0,0,0,0,0,0,0,0,0,0,0,0,0,0,0,0,0,0,0,0,0,0,0,0,0,0,0,0,0,0,0,0,0,0,0,0,0,0,0,0,0,0,0,0,0,0,0,0,0,0,0,0,0,0,0,0,0,0,0,0,0,0,0,0,0,0,0,0,0,0,0,0,0,0,0,0,0,0,0,0,0,0,0,0,0,0,0,0,0,0,0,0,0,0,0,0,0,0,0,0,0,0,0,0,0,0,0,0,0,0,0,0,0,0,0,0,0,0,0,0,0,0,0,0,0,0,0,0,0,0,0,0,0,0,0,0,0,0,0,0,0,0,0,0,0,0,0,0,0,0,0,0,0,0,0,0,0,0,0,0,0,0,0,0,0,0,0,0,0,0,0,0,0,0,0,0,0,0,0,0,0,0,0,0,0,0,0,0,0,0,0,0,0,0,0,0,0,0,0,0,0,0,0,0,0,0,0,0,0,0,0,0,0,0,0,0,0,0,0,0,0,0,0,0,0,0,0,0,0,0,0,0,0,0,0,0,0,0,0,0,0,0,0,0,0,0,0,0,0,0,0,0,0,0,0,0,0,0,0,0,0,0,0,0,0,0,0,0,0,0,0,0,0,0,0,0,0,0,0,0,0,0,0,0,0,0,0,0,0,0,0,0,0,0,0,0,0,0,0,0,0,0,0,0,0,0,0,0,0,0,0,0,0,0,0,0,0,0,0,0,0,0,0,0,0,0,0,0,0,0,0,0,0,0,0,0,0,0,0,0,0,0,0,0,0,0,0,0,0,0,0,0,0,0,0,0,0,0,0,0,0,0,0,0,0,0,0,0,0,0,0,0,0,0,0,0,0,0,0,0,0,0,0,0,0,0,0,0,0,0,0,0,0,0,0,0,0,0,0,0,0,0,0,0,0,0,0,0,0,0,0,0,0,0,0,0,0,0,0,0,0,0,0,0,0,0,0,0,0,0,0,0,0,0,0,0,0,0,0,0,0,0,0,0,0,0,0,0,0,0,0,0,0,0,0,0,0,0,0,0,0,0,0,0,0,0,0,0,0,0,0,0,0,0,0,0,0,0,0,0,0,0,0,0,0,0,0,0,0,0,0,0,0,0,0,0,0,0,0,0,0,0,0,0,0,0,0,0,0,0,0,0,0,0,0,0,0,0,0,0,0,0,0,0,0,0,0,0,0,0,0,0,0,0,0,0,0,0,0,0,0,0,0,0,0,0,0,0,0,0,0,0,0,0,0,0,0,0,0,0,0,0,0,0,0,0,0,0,0,0,0,0,0,0,0,0,0,0,0,0,0,0,0,0,0,0,0,0,0,0,0,0,0,0,0,0,0,0,0,0,0,0,0,0,0,0,0,0,0,0,0,0,0,0,0,0,0,0,0,0,0,0,0,0,0,0,0,0,0,0,0,0,0,0,0,0,0,0,0,0,0,0,0,0,0,0,0,0,0,0,0,0,0,0,0,0,0,0,0,1,0,0,0,0,0,0,0,0,0,0,0,0,0,0,0,0,0,1,0,0,0,0,0,0,0,0,0,0,0,0,1,0,0,0,0,0,1,0,0,1,0
